Delta / Tau , 2Tau = 10ms,,, 2Tau = 500ms,,,
,BER=0.0, BER=1e-5, BER=1e-4, BER=0.0, BER=1e-5, BER=1e-4
,963575.7694568584,826304.1916024135,233044.37417715913,23882.80168121113,20301.524376099453,5588.62109181897
