Delta / Tau , 2Tau = 10ms,,, 2Tau = 500ms,,,
,BER=0.0, BER=1e-5, BER=1e-4, BER=0.0, BER=1e-5, BER=1e-4
,963575.7694568584,850313.9511620639,265656.3441131135,23882.80168121113,20943.947033476918,6580.2378662431665
